{"loss/mse":0.36168503761291504,"loss/kl":0.1567649245262146,"global_step":1,"_wandb":{"runtime":13},"_timestamp":1.764098500952364e+09,"_runtime":13.561306067,"_step":0,"loss/total":0.3618417978286743}